Date,Sample_Type,Depth_m,MC_total,ANA_a,MC_RR,MC_YR,MC_LR,dmMC_LR,MC_HiIR,MC_WR,MC_LA,MC_LY,MC_LW,MC_LF,AP_A,AP_B
2019-05-29,Intracellular,2.8,7.1,0,0,0,0,0,0,0,0,0,0,0,0,0
2019-05-29,Intracellular,0.8,6.4,0,0,0,0,0,0,0,0,0,0,0,0,0
2019-05-29,Intracellular,0,0,0,0,0,0,0,0,0,0,0,0,0,0,0
2019-06-03,Intracellular,2.8,0,0,0,0,0,0,0,0,0,0,0,0,0,0
2019-06-03,Intracellular,0.8,0,0,0,0,0,0,0,0,0,0,0,0,0,0
2019-06-03,Intracellular,0,1.3,0,0,0,0,0,0,0,0,0,0,0,0,0
2019-06-12,Intracellular,2.8,114.4,0,0,0,0,0,0,0,0,0,0,0,43.7,11.5
2019-06-12,Intracellular,0.8,121.9,0,0,72.8,61,0,0,0,0,0,0,0,0,31.6
2019-06-12,Intracellular,0,339,0,0,50,44.1,0,0,0,0,0,0,0,0,31
2019-06-19,Intracellular,2.8,26.5,0,0,10.3,0,0,0,0,0,0,0,0,0,0
2019-06-19,Intracellular,0.8,58.7,0,0,56.4,0,0,0,0,0,0,0,0,0,0
2019-06-19,Intracellular,0,38.8,0,0,0,0,0,0,0,0,0,0,0,0,0
2019-07-05,Intracellular,2.8,212.9,0,0,0,188.8,0,0,0,0,0,0,0,0,0
2019-07-05,Intracellular,0.8,407.7,0,0,0,368.8,39.9,0,0,0,0,0,0,0,0
2019-07-05,Intracellular,0,551.6,0,0,0,337.6,29.4,0,0,0,0,0,0,0,0
2019-07-10,Intracellular,2.8,111.3,0,0,0,83.5,0,0,0,0,0,0,0,0,0
2019-07-10,Intracellular,0.8,301.3,0,0,0,407.8,11.7,0,0,0,0,0,0,16.9,6.2
2019-07-10,Intracellular,0,439.9,0,0,11.3,278.8,9.9,0,0,0,0,0,0,44.6,22.3
2019-07-17,Intracellular,2.8,335.1,0,0,0,476.7,0,0,0,0,0,0,0,0,24.6
2019-07-17,Intracellular,0.8,627.9,0,5,1,547.1,16.3,0,0,0,0,0,0,0,31.1
2019-07-17,Intracellular,0,491.7,0,2.6,6.7,354,13.3,0,0,0,0,0,0,4.8,43.1
2019-07-29,Intracellular,2.8,5677.1,0,12.5,29.3,4111.6,39.1,111.2,0,1,12.3,2,0,16.2,80.3
2019-07-29,Intracellular,0.8,4668.9,0,19.4,95.8,4985.1,60.7,153.7,0,1,17.5,4.2,2.3,45.1,184.3
2019-07-29,Intracellular,0,6633.7,0,11,128,5285.5,80.3,154.3,0,2.7,22,4.2,0,40,211.5
2019-08-07,Intracellular,2.8,8469.6,0,15,170.2,7694.8,118,211.4,0,2.5,24.4,10.7,0,15.2,173.7
2019-08-07,Intracellular,0.8,7204.2,0,13.2,132.8,7263.5,93.2,233.1,0,2.5,21.9,10.7,0,13.9,174.6
2019-08-07,Intracellular,0,10393.4,0,28.3,212.4,9344.9,145.8,298.3,0,2.7,50.3,18.7,0,20.4,172.4
2019-08-15,Intracellular,2.8,6905.8,0,44.5,101.6,7086.8,87.9,298.7,0,5,42.4,13.9,0,33.3,164
2019-08-15,Intracellular,0.8,7931.3,0,81,79.5,7663.8,88.5,341,0,13.6,25.2,17.6,6.1,0,201.7
2019-08-15,Intracellular,0,8823,0,54.3,111.5,7720.4,89.9,197.9,0,6.1,33.9,22.1,8,33.2,164.8
2019-08-21,Intracellular,2.8,1970.1,0,28.9,109.7,1488.2,51,14.1,0,3.3,29.2,37.2,13.3,34.3,138.8
2019-08-21,Intracellular,0.8,1995.4,0,32.8,103.7,1358.2,57.3,0,5,3.7,30.4,37.1,13.1,36.4,172.2
2019-08-21,Intracellular,0,2497.9,0,35.3,124.5,1548.5,58.5,37.2,0,14.6,47.2,47.3,10.8,39.4,130.4
2019-08-30,Intracellular,2.8,647.8,10.8,5.5,13.7,354.9,15.4,0,0,0,0,8.2,2.5,155,99.6
2019-08-30,Intracellular,0.8,652.1,0,3.5,10.8,489.4,15.9,0,0,0,0,0,0,180.3,104.8
2019-08-30,Intracellular,0,568,10.1,6.8,22.6,440,22.5,0,0,0,0,8.5,0,193.5,117.4
2019-09-03,Intracellular,2.8,280.2,18.8,2.5,9.4,284.9,12.4,0,0,0,0,3.3,0,275.1,153.3
2019-09-03,Intracellular,0.8,646.9,0,4.2,10.8,390.9,11.4,0,0,0,0,0,0,196.5,118.5
2019-09-03,Intracellular,0,507.4,0,0,15.4,337.9,10.1,0,0,0,0,10,0,235.3,160.3
2019-09-13,Intracellular,2.8,155.9,22.6,2.3,8.7,82.4,7.1,0,0,0,0,0,0,226.7,160.6
2019-09-13,Intracellular,0.8,253.3,0,0,1.6,113,1.5,0,0,0,0,0,0,284,170.5
2019-09-13,Intracellular,0,201.7,15,1.6,9.4,114.4,0,0,0,0,0,3.9,0,238.8,164.1
2019-09-17,Intracellular,2.8,164.3,14.7,0,0,95.7,6.5,0,0,0,0,3.8,0,298.2,240
2019-09-17,Intracellular,0.8,99.7,5.6,0,0,82.4,2.3,0,0,1,0,3.4,0,458.6,303.3
2019-09-17,Intracellular,0,110.6,6.8,0,0,68.3,5.4,0,0,0,0,0,0,389,352.7
2019-09-26,Intracellular,2.8,109.4,5.6,0,5.6,64,3.4,0,0,0,0,1.6,0,366.6,314
2019-09-26,Intracellular,0.8,141,5,0,12.2,85.2,4,0,0,0,0,3.5,0,343,280.9
2019-09-26,Intracellular,0,126.2,0,3.4,7.3,72.7,0,0,0,0,0,2.5,0,446.9,226.5
2019-10-03,Intracellular,2.8,113.3,0,0,3.9,83.4,4.3,0,0,0,0,3.9,0,542.8,250.5
2019-10-03,Intracellular,0.8,93.9,0,0,13.2,0,0,0,0,0,0,0,0,424.1,266.3
2019-10-03,Intracellular,0,86,0,0,0,0,0,0,0,0,0,0,0,452.9,259.7
